Date;Kanton_Kurzname;VergütungCHF_Gebäudeprogramm;Massnahmenbereich
2010;CH;43522889.95;Haustechnik
2010;CH;0;Indirekte Massnahmen
2010;CH;10977986;Neubau
2010;CH;3501873;Systemsanierung
2010;CH;92235671.95;Total
2010;CH;23079794;Wärmedämmung
2010;CH;11153129;Zentrale Wärmeversorgung
2011;CH;44362260.1;Haustechnik
2011;CH;0;Indirekte Massnahmen
2011;CH;14802811;Neubau
2011;CH;6531529;Systemsanierung
2011;CH;210010265.6;Total
2011;CH;135491286;Wärmedämmung
2011;CH;8822379.5;Zentrale Wärmeversorgung
2012;CH;45173855;Haustechnik
2012;CH;0;Indirekte Massnahmen
2012;CH;14817767;Neubau
2012;CH;9610313.48;Systemsanierung
2012;CH;253446397.5;Total
2012;CH;174033960;Wärmedämmung
2012;CH;9810502;Zentrale Wärmeversorgung
2013;CH;42508684.7;Haustechnik
2013;CH;0;Indirekte Massnahmen
2013;CH;14002238;Neubau
2013;CH;10695041;Systemsanierung
2013;CH;210538971.7;Total
2013;CH;131032500;Wärmedämmung
2013;CH;12300508;Zentrale Wärmeversorgung
2014;CH;41813135;Haustechnik
2014;CH;0;Indirekte Massnahmen
2014;CH;19008820;Neubau
2014;CH;13554108;Systemsanierung
2014;CH;239062382.5;Total
2014;CH;152111545;Wärmedämmung
2014;CH;12574774.5;Zentrale Wärmeversorgung
2015;CH;36663482.61;Haustechnik
2015;CH;0;Indirekte Massnahmen
2015;CH;15197399;Neubau
2015;CH;16616778;Systemsanierung
2015;CH;178661626.5;Total
2015;CH;100188335;Wärmedämmung
2015;CH;9995631.9;Zentrale Wärmeversorgung
2016;CH;35867917;Haustechnik
2016;CH;0;Indirekte Massnahmen
2016;CH;12797109;Neubau
2016;CH;9682437;Systemsanierung
2016;CH;161664916.6;Total
2016;CH;93385955;Wärmedämmung
2016;CH;9931498.6;Zentrale Wärmeversorgung
2017;AG;884634;Haustechnik
2017;AG;755355;Neubau
2017;AG;825803;Systemsanierung
2017;AG;10501047;Total
2017;AG;7980302;Wärmedämmung
2017;AG;54953;Zentrale Wärmeversorgung
2017;AI;44206;Haustechnik
2017;AI;20000;Neubau
2017;AI;17112;Systemsanierung
2017;AI;297148;Total
2017;AI;205830;Wärmedämmung
2017;AI;10000;Zentrale Wärmeversorgung
2017;AR;149113;Haustechnik
2017;AR;0;Neubau
2017;AR;43166;Systemsanierung
2017;AR;1032159;Total
2017;AR;813580;Wärmedämmung
2017;AR;26300;Zentrale Wärmeversorgung
2017;BE;12101368;Haustechnik
2017;BE;3212350;Neubau
2017;BE;3855760;Systemsanierung
2017;BE;31885676;Total
2017;BE;10849900;Wärmedämmung
2017;BE;1866298;Zentrale Wärmeversorgung
2017;BL;2810140;Haustechnik
2017;BL;1058270;Neubau
2017;BL;908130;Systemsanierung
2017;BL;10260313;Total
2017;BL;4642141;Wärmedämmung
2017;BL;841632;Zentrale Wärmeversorgung
2017;BS;120309;Haustechnik
2017;BS;1026759;Neubau
2017;BS;0;Systemsanierung
2017;BS;3355368;Total
2017;BS;2208300;Wärmedämmung
2017;BS;0;Zentrale Wärmeversorgung
2017;CH;36332496.45;Haustechnik
2017;CH;0;Indirekte Massnahmen
2017;CH;12396226.6;Neubau
2017;CH;14747042;Systemsanierung
2017;CH;175841337.1;Total
2017;CH;103583310;Wärmedämmung
2017;CH;8782262;Zentrale Wärmeversorgung
2017;FR;1702627;Haustechnik
2017;FR;30880;Neubau
2017;FR;18000;Systemsanierung
2017;FR;5437087;Total
2017;FR;2863900;Wärmedämmung
2017;FR;821680;Zentrale Wärmeversorgung
2017;GE;1414837.5;Haustechnik
2017;GE;12415;Neubau
2017;GE;907046;Systemsanierung
2017;GE;5020293.5;Total
2017;GE;2432090;Wärmedämmung
2017;GE;253905;Zentrale Wärmeversorgung
2017;GL;524690;Haustechnik
2017;GL;174000;Neubau
2017;GL;0;Systemsanierung
2017;GL;1366890;Total
2017;GL;651400;Wärmedämmung
2017;GL;16800;Zentrale Wärmeversorgung
2017;GR;2766915;Haustechnik
2017;GR;457460;Neubau
2017;GR;341820;Systemsanierung
2017;GR;8333605;Total
2017;GR;4456720;Wärmedämmung
2017;GR;310690;Zentrale Wärmeversorgung
2017;JU;527542;Haustechnik
2017;JU;275695;Neubau
2017;JU;135730;Systemsanierung
2017;JU;2331517;Total
2017;JU;1299950;Wärmedämmung
2017;JU;92600;Zentrale Wärmeversorgung
2017;LU;598295.45;Haustechnik
2017;LU;40000;Neubau
2017;LU;175720;Systemsanierung
2017;LU;6636570.45;Total
2017;LU;5526055;Wärmedämmung
2017;LU;296500;Zentrale Wärmeversorgung
2017;NE;326910;Haustechnik
2017;NE;40000;Neubau
2017;NE;184215;Systemsanierung
2017;NE;3331690;Total
2017;NE;2775285;Wärmedämmung
2017;NE;5280;Zentrale Wärmeversorgung
2017;NW;53930;Haustechnik
2017;NW;30095.6;Neubau
2017;NW;0;Systemsanierung
2017;NW;573325.6;Total
2017;NW;489300;Wärmedämmung
2017;NW;0;Zentrale Wärmeversorgung
2017;OW;136278;Haustechnik
2017;OW;94435;Neubau
2017;OW;26810;Systemsanierung
2017;OW;1184763;Total
2017;OW;893160;Wärmedämmung
2017;OW;34080;Zentrale Wärmeversorgung
2017;SG;3113593;Haustechnik
2017;SG;0;Neubau
2017;SG;268830;Systemsanierung
2017;SG;9540754;Total
2017;SG;5386280;Wärmedämmung
2017;SG;772051;Zentrale Wärmeversorgung
2017;SH;0;Haustechnik
2017;SH;0;Neubau
2017;SH;11484;Systemsanierung
2017;SH;1042084;Total
2017;SH;1030600;Wärmedämmung
2017;SH;0;Zentrale Wärmeversorgung
2017;SO;603609;Haustechnik
2017;SO;178952;Neubau
2017;SO;12000;Systemsanierung
2017;SO;3868621;Total
2017;SO;3074060;Wärmedämmung
2017;SO;0;Zentrale Wärmeversorgung
2017;SZ;0;Haustechnik
2017;SZ;0;Neubau
2017;SZ;0;Systemsanierung
2017;SZ;1599410;Total
2017;SZ;1599410;Wärmedämmung
2017;SZ;0;Zentrale Wärmeversorgung
2017;TG;1842563;Haustechnik
2017;TG;1132700;Neubau
2017;TG;1096115;Systemsanierung
2017;TG;8418580;Total
2017;TG;3903590;Wärmedämmung
2017;TG;443612;Zentrale Wärmeversorgung
2017;TI;593955;Haustechnik
2017;TI;1151012;Neubau
2017;TI;1669848;Systemsanierung
2017;TI;9501834;Total
2017;TI;4958860;Wärmedämmung
2017;TI;1128159;Zentrale Wärmeversorgung
2017;UR;235000;Haustechnik
2017;UR;62000;Neubau
2017;UR;0;Systemsanierung
2017;UR;855520;Total
2017;UR;541960;Wärmedämmung
2017;UR;16560;Zentrale Wärmeversorgung
2017;VD;3302594.5;Haustechnik
2017;VD;678260;Neubau
2017;VD;1073921;Systemsanierung
2017;VD;17917350.5;Total
2017;VD;12664694;Wärmedämmung
2017;VD;197881;Zentrale Wärmeversorgung
2017;VS;966798;Haustechnik
2017;VS;321150;Neubau
2017;VS;186867;Systemsanierung
2017;VS;6722079;Total
2017;VS;4589023;Wärmedämmung
2017;VS;658241;Zentrale Wärmeversorgung
2017;ZG;216500;Haustechnik
2017;ZG;0;Neubau
2017;ZG;0;Systemsanierung
2017;ZG;2115080;Total
2017;ZG;1898580;Wärmedämmung
2017;ZG;0;Zentrale Wärmeversorgung
2017;ZH;1296089;Haustechnik
2017;ZH;1644438;Neubau
2017;ZH;2988665;Systemsanierung
2017;ZH;22712572;Total
2017;ZH;15848340;Wärmedämmung
2017;ZH;935040;Zentrale Wärmeversorgung
2018;AG;251022;Haustechnik
2018;AG;1134009;Neubau
2018;AG;526975;Systemsanierung
2018;AG;8649765;Total
2018;AG;5937160;Wärmedämmung
2018;AG;68580;Zentrale Wärmeversorgung
2018;AI;91968;Haustechnik
2018;AI;15000;Neubau
2018;AI;51480;Systemsanierung
2018;AI;394108;Total
2018;AI;235660;Wärmedämmung
2018;AI;0;Zentrale Wärmeversorgung
2018;AR;194717;Haustechnik
2018;AR;0;Neubau
2018;AR;225600;Systemsanierung
2018;AR;1262629;Total
2018;AR;825480;Wärmedämmung
2018;AR;2000;Zentrale Wärmeversorgung
2018;BE;10338535;Haustechnik
2018;BE;2703585;Neubau
2018;BE;15957160;Systemsanierung
2018;BE;37291008;Total
2018;BE;5095470;Wärmedämmung
2018;BE;1862120;Zentrale Wärmeversorgung
2018;BL;1152997;Haustechnik
2018;BL;1366545;Neubau
2018;BL;707225;Systemsanierung
2018;BL;8634825;Total
2018;BL;4733456;Wärmedämmung
2018;BL;166083;Zentrale Wärmeversorgung
2018;BS;620300;Haustechnik
2018;BS;0;Neubau
2018;BS;198950;Systemsanierung
2018;BS;3310033.42;Total
2018;BS;2045650;Wärmedämmung
2018;BS;0;Zentrale Wärmeversorgung
2018;CH;36708569.6;Haustechnik
2018;CH;6917060.42;Indirekte Massnahmen
2018;CH;16361979;Neubau
2018;CH;35197532;Systemsanierung
2018;CH;210600624.5;Total
2018;CH;108004196.9;Wärmedämmung
2018;CH;7411286.6;Zentrale Wärmeversorgung
2018;FR;2638709;Haustechnik
2018;FR;157376;Neubau
2018;FR;649701;Systemsanierung
2018;FR;8926128;Total
2018;FR;4740364;Wärmedämmung
2018;FR;542060;Zentrale Wärmeversorgung
2018;GE;2198693;Haustechnik
2018;GE;1470920;Neubau
2018;GE;2165691;Systemsanierung
2018;GE;9559567.5;Total
2018;GE;3173872;Wärmedämmung
2018;GE;201750;Zentrale Wärmeversorgung
2018;GL;679640;Haustechnik
2018;GL;164000;Neubau
2018;GL;0;Systemsanierung
2018;GL;1450420;Total
2018;GL;563230;Wärmedämmung
2018;GL;16800;Zentrale Wärmeversorgung
2018;GR;2061263;Haustechnik
2018;GR;436300;Neubau
2018;GR;1778010;Systemsanierung
2018;GR;10336875;Total
2018;GR;5457270;Wärmedämmung
2018;GR;545340;Zentrale Wärmeversorgung
2018;JU;567999;Haustechnik
2018;JU;117775;Neubau
2018;JU;172085;Systemsanierung
2018;JU;2318471;Total
2018;JU;1151340;Wärmedämmung
2018;JU;294210;Zentrale Wärmeversorgung
2018;LU;217850;Haustechnik
2018;LU;0;Neubau
2018;LU;85540;Systemsanierung
2018;LU;7880100;Total
2018;LU;6887770;Wärmedämmung
2018;LU;401140;Zentrale Wärmeversorgung
2018;NE;438094;Haustechnik
2018;NE;16050;Neubau
2018;NE;165120;Systemsanierung
2018;NE;5316919;Total
2018;NE;4602915;Wärmedämmung
2018;NE;0;Zentrale Wärmeversorgung
2018;NW;155858;Haustechnik
2018;NW;153150;Neubau
2018;NW;0;Systemsanierung
2018;NW;1414538;Total
2018;NW;1041930;Wärmedämmung
2018;NW;0;Zentrale Wärmeversorgung
2018;OW;126567;Haustechnik
2018;OW;0;Neubau
2018;OW;101670;Systemsanierung
2018;OW;667057;Total
2018;OW;420820;Wärmedämmung
2018;OW;0;Zentrale Wärmeversorgung
2018;SG;2416880;Haustechnik
2018;SG;72930;Neubau
2018;SG;2964645;Systemsanierung
2018;SG;12403478.85;Total
2018;SG;4965979.85;Wärmedämmung
2018;SG;750000.6;Zentrale Wärmeversorgung
2018;SH;234350;Haustechnik
2018;SH;20000;Neubau
2018;SH;202940;Systemsanierung
2018;SH;1703145;Total
2018;SH;1190230;Wärmedämmung
2018;SH;25000;Zentrale Wärmeversorgung
2018;SO;801473.2;Haustechnik
2018;SO;63756;Neubau
2018;SO;0;Systemsanierung
2018;SO;4185439.85;Total
2018;SO;3275713;Wärmedämmung
2018;SO;0;Zentrale Wärmeversorgung
2018;SZ;171486;Haustechnik
2018;SZ;0;Neubau
2018;SZ;0;Systemsanierung
2018;SZ;2531926;Total
2018;SZ;2338340;Wärmedämmung
2018;SZ;0;Zentrale Wärmeversorgung
2018;TG;2841304;Haustechnik
2018;TG;1145490;Neubau
2018;TG;1751603;Systemsanierung
2018;TG;10500511;Total
2018;TG;3597075;Wärmedämmung
2018;TG;899908;Zentrale Wärmeversorgung
2018;TI;2080117;Haustechnik
2018;TI;1968788;Neubau
2018;TI;2328082;Systemsanierung
2018;TI;12187681.45;Total
2018;TI;5154110;Wärmedämmung
2018;TI;427962;Zentrale Wärmeversorgung
2018;UR;324220;Haustechnik
2018;UR;0;Neubau
2018;UR;0;Systemsanierung
2018;UR;1496278;Total
2018;UR;1104908;Wärmedämmung
2018;UR;7500;Zentrale Wärmeversorgung
2018;VD;2583675.4;Haustechnik
2018;VD;0;Neubau
2018;VD;829460;Systemsanierung
2018;VD;14754153.4;Total
2018;VD;10888856;Wärmedämmung
2018;VD;0;Zentrale Wärmeversorgung
2018;VS;2074624;Haustechnik
2018;VS;609500;Neubau
2018;VS;927142;Systemsanierung
2018;VS;12158838;Total
2018;VS;8101938;Wärmedämmung
2018;VS;147450;Zentrale Wärmeversorgung
2018;ZG;116698;Haustechnik
2018;ZG;0;Neubau
2018;ZG;0;Systemsanierung
2018;ZG;1599638;Total
2018;ZG;1420440;Wärmedämmung
2018;ZG;0;Zentrale Wärmeversorgung
2018;ZH;1329530;Haustechnik
2018;ZH;4746805;Neubau
2018;ZH;3408453;Systemsanierung
2018;ZH;29667091;Total
2018;ZH;19054220;Wärmedämmung
2018;ZH;1053383;Zentrale Wärmeversorgung
2019;AG;199065;Haustechnik
2019;AG;879014;Neubau
2019;AG;737696;Systemsanierung
2019;AG;11693371;Total
2019;AG;8980700;Wärmedämmung
2019;AG;0;Zentrale Wärmeversorgung
2019;AI;90985;Haustechnik
2019;AI;129741;Neubau
2019;AI;256007;Systemsanierung
2019;AI;628253;Total
2019;AI;151520;Wärmedämmung
2019;AI;0;Zentrale Wärmeversorgung
2019;AR;273877;Haustechnik
2019;AR;0;Neubau
2019;AR;288230;Systemsanierung
2019;AR;1687281;Total
2019;AR;1122050;Wärmedämmung
2019;AR;0;Zentrale Wärmeversorgung
2019;BE;5428608;Haustechnik
2019;BE;3434930;Neubau
2019;BE;28071280;Systemsanierung
2019;BE;44917929;Total
2019;BE;1864820;Wärmedämmung
2019;BE;4164604;Zentrale Wärmeversorgung
2019;BL;1421237;Haustechnik
2019;BL;1434245;Neubau
2019;BL;306170;Systemsanierung
2019;BL;8458700;Total
2019;BL;4748223;Wärmedämmung
2019;BL;140203;Zentrale Wärmeversorgung
2019;BS;1338164;Haustechnik
2019;BS;0;Neubau
2019;BS;7575;Systemsanierung
2019;BS;4867652;Total
2019;BS;3410800;Wärmedämmung
2019;BS;0;Zentrale Wärmeversorgung
2019;CH;37686180.35;Haustechnik
2019;CH;9911819.2;Indirekte Massnahmen
2019;CH;12712321;Neubau
2019;CH;59986224;Systemsanierung
2019;CH;264299758.1;Total
2019;CH;132570430;Wärmedämmung
2019;CH;11432783.5;Zentrale Wärmeversorgung
2019;FR;2890575;Haustechnik
2019;FR;377326;Neubau
2019;FR;1951784;Systemsanierung
2019;FR;10526016;Total
2019;FR;4485216;Wärmedämmung
2019;FR;489841;Zentrale Wärmeversorgung
2019;GE;3374044;Haustechnik
2019;GE;537571;Neubau
2019;GE;1366440;Systemsanierung
2019;GE;10238229.4;Total
2019;GE;4623856;Wärmedämmung
2019;GE;0;Zentrale Wärmeversorgung
2019;GL;408251;Haustechnik
2019;GL;50000;Neubau
2019;GL;193920;Systemsanierung
2019;GL;1981258.5;Total
2019;GL;1170929;Wärmedämmung
2019;GL;102390;Zentrale Wärmeversorgung
2019;GR;2376992;Haustechnik
2019;GR;357221;Neubau
2019;GR;1825320;Systemsanierung
2019;GR;11877635;Total
2019;GR;6727710;Wärmedämmung
2019;GR;577700;Zentrale Wärmeversorgung
2019;JU;639755;Haustechnik
2019;JU;360395;Neubau
2019;JU;357540;Systemsanierung
2019;JU;2832033;Total
2019;JU;1224200;Wärmedämmung
2019;JU;247100;Zentrale Wärmeversorgung
2019;LU;1346545;Haustechnik
2019;LU;23532;Neubau
2019;LU;77950;Systemsanierung
2019;LU;9270955;Total
2019;LU;7530773;Wärmedämmung
2019;LU;66455;Zentrale Wärmeversorgung
2019;NE;459392;Haustechnik
2019;NE;57340;Neubau
2019;NE;252220;Systemsanierung
2019;NE;7319170;Total
2019;NE;6440429;Wärmedämmung
2019;NE;0;Zentrale Wärmeversorgung
2019;NW;210168;Haustechnik
2019;NW;0;Neubau
2019;NW;0;Systemsanierung
2019;NW;994732;Total
2019;NW;725940;Wärmedämmung
2019;NW;0;Zentrale Wärmeversorgung
2019;OW;226687;Haustechnik
2019;OW;30090;Neubau
2019;OW;166970;Systemsanierung
2019;OW;1213567;Total
2019;OW;779820;Wärmedämmung
2019;OW;0;Zentrale Wärmeversorgung
2019;SG;2447109.35;Haustechnik
2019;SG;537985;Neubau
2019;SG;6833987.5;Systemsanierung
2019;SG;19458360.15;Total
2019;SG;4057900;Wärmedämmung
2019;SG;3036876;Zentrale Wärmeversorgung
2019;SH;590874;Haustechnik
2019;SH;20840;Neubau
2019;SH;602160;Systemsanierung
2019;SH;2683020;Total
2019;SH;1318560;Wärmedämmung
2019;SH;48510;Zentrale Wärmeversorgung
2019;SO;569366;Haustechnik
2019;SO;12440;Neubau
2019;SO;24850;Systemsanierung
2019;SO;4698667;Total
2019;SO;3864194;Wärmedämmung
2019;SO;0;Zentrale Wärmeversorgung
2019;SZ;537961;Haustechnik
2019;SZ;0;Neubau
2019;SZ;0;Systemsanierung
2019;SZ;3020657;Total
2019;SZ;2402960;Wärmedämmung
2019;SZ;0;Zentrale Wärmeversorgung
2019;TG;3190742;Haustechnik
2019;TG;620530;Neubau
2019;TG;2483609;Systemsanierung
2019;TG;12191897;Total
2019;TG;4013888;Wärmedämmung
2019;TG;1175677;Zentrale Wärmeversorgung
2019;TI;1011217;Haustechnik
2019;TI;345675;Neubau
2019;TI;4082860;Systemsanierung
2019;TI;15020034;Total
2019;TI;8780430;Wärmedämmung
2019;TI;447331;Zentrale Wärmeversorgung
2019;UR;380180;Haustechnik
2019;UR;32100;Neubau
2019;UR;0;Systemsanierung
2019;UR;1319900;Total
2019;UR;854770;Wärmedämmung
2019;UR;0;Zentrale Wärmeversorgung
2019;VD;5412517;Haustechnik
2019;VD;1504215;Neubau
2019;VD;3583405;Systemsanierung
2019;VD;33139638;Total
2019;VD;21137591;Wärmedämmung
2019;VD;575089;Zentrale Wärmeversorgung
2019;VS;2390646;Haustechnik
2019;VS;113850;Neubau
2019;VS;4545154;Systemsanierung
2019;VS;16274270;Total
2019;VS;9000861;Wärmedämmung
2019;VS;56000;Zentrale Wärmeversorgung
2019;ZG;0;Haustechnik
2019;ZG;0;Neubau
2019;ZG;0;Systemsanierung
2019;ZG;1662270;Total
2019;ZG;1559270;Wärmedämmung
2019;ZG;0;Zentrale Wärmeversorgung
2019;ZH;471223;Haustechnik
2019;ZH;1853281;Neubau
2019;ZH;1971096.5;Systemsanierung
2019;ZH;26324263;Total
2019;ZH;21593020;Wärmedämmung
2019;ZH;305007.5;Zentrale Wärmeversorgung
2020;AG;189800;Haustechnik
2020;AG;132760;Neubau
2020;AG;743960;Systemsanierung
2020;AG;9289852;Total
2020;AG;7467420;Wärmedämmung
2020;AG;0;Zentrale Wärmeversorgung
2020;AI;117507;Haustechnik
2020;AI;136755;Neubau
2020;AI;547848;Systemsanierung
2020;AI;979550;Total
2020;AI;176240;Wärmedämmung
2020;AI;0;Zentrale Wärmeversorgung
2020;AR;385132;Haustechnik
2020;AR;29325;Neubau
2020;AR;198300;Systemsanierung
2020;AR;1860555;Total
2020;AR;1216881;Wärmedämmung
2020;AR;0;Zentrale Wärmeversorgung
2020;BE;17660609;Haustechnik
2020;BE;3395240;Neubau
2020;BE;28601520;Systemsanierung
2020;BE;54740252;Total
2020;BE;0;Wärmedämmung
2020;BE;2679649;Zentrale Wärmeversorgung
2020;BL;1911892;Haustechnik
2020;BL;1123637;Neubau
2020;BL;187490;Systemsanierung
2020;BL;9833968;Total
2020;BL;5998786;Wärmedämmung
2020;BL;54397;Zentrale Wärmeversorgung
2020;BS;3032001;Haustechnik
2020;BS;0;Neubau
2020;BS;281725;Systemsanierung
2020;BS;6458442;Total
2020;BS;3005478;Wärmedämmung
2020;BS;0;Zentrale Wärmeversorgung
2020;CH;62308148.35;Haustechnik
2020;CH;12482741.02;Indirekte Massnahmen
2020;CH;16104656;Neubau
2020;CH;72740284.4;Systemsanierung
2020;CH;298637756.4;Total
2020;CH;118946736;Wärmedämmung
2020;CH;16055190.6;Zentrale Wärmeversorgung
2020;FR;4239714.5;Haustechnik
2020;FR;1170974;Neubau
2020;FR;2450548;Systemsanierung
2020;FR;15153423.5;Total
2020;FR;5120968;Wärmedämmung
2020;FR;1981130;Zentrale Wärmeversorgung
2020;GE;1376572;Haustechnik
2020;GE;4455085;Neubau
2020;GE;2331941;Systemsanierung
2020;GE;13171584.27;Total
2020;GE;3591207;Wärmedämmung
2020;GE;566780;Zentrale Wärmeversorgung
2020;GL;480834;Haustechnik
2020;GL;16000;Neubau
2020;GL;432393;Systemsanierung
2020;GL;2903741.45;Total
2020;GL;1491803;Wärmedämmung
2020;GL;341420;Zentrale Wärmeversorgung
2020;GR;2568579;Haustechnik
2020;GR;195950;Neubau
2020;GR;2264400;Systemsanierung
2020;GR;12569934;Total
2020;GR;6893760;Wärmedämmung
2020;GR;589820;Zentrale Wärmeversorgung
2020;JU;729948;Haustechnik
2020;JU;194895;Neubau
2020;JU;671960;Systemsanierung
2020;JU;2589395;Total
2020;JU;753457;Wärmedämmung
2020;JU;231730;Zentrale Wärmeversorgung
2020;LU;4041001;Haustechnik
2020;LU;0;Neubau
2020;LU;0;Systemsanierung
2020;LU;9141277;Total
2020;LU;4744840;Wärmedämmung
2020;LU;0;Zentrale Wärmeversorgung
2020;NE;966476;Haustechnik
2020;NE;10950;Neubau
2020;NE;251580;Systemsanierung
2020;NE;6455621;Total
2020;NE;5122555;Wärmedämmung
2020;NE;0;Zentrale Wärmeversorgung
2020;NW;420689;Haustechnik
2020;NW;25500;Neubau
2020;NW;0;Systemsanierung
2020;NW;1087195;Total
2020;NW;609840;Wärmedämmung
2020;NW;0;Zentrale Wärmeversorgung
2020;OW;250730;Haustechnik
2020;OW;17325;Neubau
2020;OW;203770;Systemsanierung
2020;OW;1090825;Total
2020;OW;599100;Wärmedämmung
2020;OW;0;Zentrale Wärmeversorgung
2020;SG;3670319.25;Haustechnik
2020;SG;394445;Neubau
2020;SG;7490236.4;Systemsanierung
2020;SG;26053873.05;Total
2020;SG;5052130;Wärmedämmung
2020;SG;5872576.6;Zentrale Wärmeversorgung
2020;SH;1039422;Haustechnik
2020;SH;0;Neubau
2020;SH;376948;Systemsanierung
2020;SH;3445945;Total
2020;SH;1785501;Wärmedämmung
2020;SH;32810;Zentrale Wärmeversorgung
2020;SO;1362070;Haustechnik
2020;SO;249875;Neubau
2020;SO;231360;Systemsanierung
2020;SO;5263494;Total
2020;SO;3180824;Wärmedämmung
2020;SO;1400;Zentrale Wärmeversorgung
2020;SZ;663144;Haustechnik
2020;SZ;0;Neubau
2020;SZ;0;Systemsanierung
2020;SZ;2171761.7;Total
2020;SZ;1410480;Wärmedämmung
2020;SZ;0;Zentrale Wärmeversorgung
2020;TG;3018755;Haustechnik
2020;TG;632695;Neubau
2020;TG;3100175;Systemsanierung
2020;TG;11099179;Total
2020;TG;3039067;Wärmedämmung
2020;TG;526010;Zentrale Wärmeversorgung
2020;TI;1925746;Haustechnik
2020;TI;441600;Neubau
2020;TI;9132206;Systemsanierung
2020;TI;19341072;Total
2020;TI;6672040;Wärmedämmung
2020;TI;983371;Zentrale Wärmeversorgung
2020;UR;323600;Haustechnik
2020;UR;0;Neubau
2020;UR;43000;Systemsanierung
2020;UR;1581416.8;Total
2020;UR;1116678;Wärmedämmung
2020;UR;0;Zentrale Wärmeversorgung
2020;VD;6176820.6;Haustechnik
2020;VD;2315255;Neubau
2020;VD;3999421;Systemsanierung
2020;VD;34592228.6;Total
2020;VD;19084050;Wärmedämmung
2020;VD;2073437;Zentrale Wärmeversorgung
2020;VS;4761911;Haustechnik
2020;VS;472850;Neubau
2020;VS;5531516;Systemsanierung
2020;VS;17345024;Total
2020;VS;6507751;Wärmedämmung
2020;VS;13000;Zentrale Wärmeversorgung
2020;ZG;0;Haustechnik
2020;ZG;0;Neubau
2020;ZG;0;Systemsanierung
2020;ZG;2103088;Total
2020;ZG;2033760;Wärmedämmung
2020;ZG;0;Zentrale Wärmeversorgung
2020;ZH;994876;Haustechnik
2020;ZH;693540;Neubau
2020;ZH;3667987;Systemsanierung
2020;ZH;28315059;Total
2020;ZH;22272120;Wärmedämmung
2020;ZH;107660;Zentrale Wärmeversorgung
2021;AG;1549826;Haustechnik
2021;AG;431780;Neubau
2021;AG;438760;Systemsanierung
2021;AG;10679203;Total
2021;AG;7232910;Wärmedämmung
2021;AG;18000;Zentrale Wärmeversorgung
2021;AI;120081;Haustechnik
2021;AI;126755;Neubau
2021;AI;94495;Systemsanierung
2021;AI;516571;Total
2021;AI;171640;Wärmedämmung
2021;AI;0;Zentrale Wärmeversorgung
2021;AR;466782;Haustechnik
2021;AR;61080;Neubau
2021;AR;265340;Systemsanierung
2021;AR;2354299;Total
2021;AR;1496750;Wärmedämmung
2021;AR;0;Zentrale Wärmeversorgung
2021;BE;30525859;Haustechnik
2021;BE;4069060;Neubau
2021;BE;29140250;Systemsanierung
2021;BE;71710278;Total
2021;BE;0;Wärmedämmung
2021;BE;4518294;Zentrale Wärmeversorgung
2021;BL;6498767;Haustechnik
2021;BL;1298655;Neubau
2021;BL;372710;Systemsanierung
2021;BL;15659774.83;Total
2021;BL;6738883;Wärmedämmung
2021;BL;0;Zentrale Wärmeversorgung
2021;BS;3911014;Haustechnik
2021;BS;0;Neubau
2021;BS;214850;Systemsanierung
2021;BS;7356994;Total
2021;BS;3044105;Wärmedämmung
2021;BS;0;Zentrale Wärmeversorgung
2021;CH;106125105.9;Haustechnik
2021;CH;15922402.63;Indirekte Massnahmen
2021;CH;20080417;Neubau
2021;CH;81279134.8;Systemsanierung
2021;CH;361218783.1;Total
2021;CH;125965011.7;Wärmedämmung
2021;CH;11846711.1;Zentrale Wärmeversorgung
2021;FR;6487144;Haustechnik
2021;FR;1584093;Neubau
2021;FR;3626631;Systemsanierung
2021;FR;17970275.3;Total
2021;FR;5216658;Wärmedämmung
2021;FR;900940;Zentrale Wärmeversorgung
2021;GE;1742774;Haustechnik
2021;GE;2020565;Neubau
2021;GE;9463742;Systemsanierung
2021;GE;17555134;Total
2021;GE;3456054;Wärmedämmung
2021;GE;256205;Zentrale Wärmeversorgung
2021;GL;596184;Haustechnik
2021;GL;0;Neubau
2021;GL;398400;Systemsanierung
2021;GL;2405342.7;Total
2021;GL;1296861;Wärmedämmung
2021;GL;1600;Zentrale Wärmeversorgung
2021;GR;3654007.5;Haustechnik
2021;GR;439845;Neubau
2021;GR;1611900;Systemsanierung
2021;GR;12409012.5;Total
2021;GR;5604300;Wärmedämmung
2021;GR;1058020;Zentrale Wärmeversorgung
2021;JU;961498;Haustechnik
2021;JU;304415;Neubau
2021;JU;495565;Systemsanierung
2021;JU;3190301;Total
2021;JU;1302387;Wärmedämmung
2021;JU;120000;Zentrale Wärmeversorgung
2021;LU;4760635;Haustechnik
2021;LU;0;Neubau
2021;LU;195390;Systemsanierung
2021;LU;9341500;Total
2021;LU;3939080;Wärmedämmung
2021;LU;0;Zentrale Wärmeversorgung
2021;NE;1337568;Haustechnik
2021;NE;46125;Neubau
2021;NE;447491;Systemsanierung
2021;NE;8247141;Total
2021;NE;6135063;Wärmedämmung
2021;NE;100000;Zentrale Wärmeversorgung
2021;NW;537680;Haustechnik
2021;NW;30225;Neubau
2021;NW;0;Systemsanierung
2021;NW;1377359.1;Total
2021;NW;755400;Wärmedämmung
2021;NW;0;Zentrale Wärmeversorgung
2021;OW;193060;Haustechnik
2021;OW;0;Neubau
2021;OW;95940;Systemsanierung
2021;OW;923840;Total
2021;OW;596040;Wärmedämmung
2021;OW;0;Zentrale Wärmeversorgung
2021;SG;4264218.4;Haustechnik
2021;SG;398105;Neubau
2021;SG;7861832.8;Systemsanierung
2021;SG;25287960.1;Total
2021;SG;5568623.7;Wärmedämmung
2021;SG;3315167.1;Zentrale Wärmeversorgung
2021;SH;1529180;Haustechnik
2021;SH;28350;Neubau
2021;SH;1013080;Systemsanierung
2021;SH;5491915;Total
2021;SH;2428284;Wärmedämmung
2021;SH;282640;Zentrale Wärmeversorgung
2021;SO;4417748;Haustechnik
2021;SO;140755;Neubau
2021;SO;46965;Systemsanierung
2021;SO;8444733.6;Total
2021;SO;3214596;Wärmedämmung
2021;SO;0;Zentrale Wärmeversorgung
2021;SZ;1064570;Haustechnik
2021;SZ;0;Neubau
2021;SZ;0;Systemsanierung
2021;SZ;2744477.65;Total
2021;SZ;1491080;Wärmedämmung
2021;SZ;0;Zentrale Wärmeversorgung
2021;TG;5174751;Haustechnik
2021;TG;1055270;Neubau
2021;TG;3249127;Systemsanierung
2021;TG;16565820;Total
2021;TG;5889851;Wärmedämmung
2021;TG;113730;Zentrale Wärmeversorgung
2021;TI;3040385;Haustechnik
2021;TI;2025229;Neubau
2021;TI;8588036;Systemsanierung
2021;TI;21192531;Total
2021;TI;7120140;Wärmedämmung
2021;TI;195561;Zentrale Wärmeversorgung
2021;UR;396390;Haustechnik
2021;UR;0;Neubau
2021;UR;410700;Systemsanierung
2021;UR;2071150.35;Total
2021;UR;1223191;Wärmedämmung
2021;UR;0;Zentrale Wärmeversorgung
2021;VD;7216734;Haustechnik
2021;VD;2865690;Neubau
2021;VD;5984462;Systemsanierung
2021;VD;43334809;Total
2021;VD;24981488;Wärmedämmung
2021;VD;927354;Zentrale Wärmeversorgung
2021;VS;5093637;Haustechnik
2021;VS;349740;Neubau
2021;VS;6347668;Systemsanierung
2021;VS;19846253;Total
2021;VS;7975670;Wärmedämmung
2021;VS;0;Zentrale Wärmeversorgung
2021;ZG;0;Haustechnik
2021;ZG;0;Neubau
2021;ZG;0;Systemsanierung
2021;ZG;1499985;Total
2021;ZG;1362960;Wärmedämmung
2021;ZG;0;Zentrale Wärmeversorgung
2021;ZH;10584613;Haustechnik
2021;ZH;2804680;Neubau
2021;ZH;915800;Systemsanierung
2021;ZH;33042123;Total
2021;ZH;17722997;Wärmedämmung
2021;ZH;39200;Zentrale Wärmeversorgung
2022;AG;6827789;Haustechnik
2022;AG;464855;Neubau
2022;AG;868590;Systemsanierung
2022;AG;16944178;Total
2022;AG;7260845;Wärmedämmung
2022;AG;53220;Zentrale Wärmeversorgung
2022;AI;212393;Haustechnik
2022;AI;169760;Neubau
2022;AI;139086;Systemsanierung
2022;AI;633879;Total
2022;AI;112040;Wärmedämmung
2022;AI;0;Zentrale Wärmeversorgung
2022;AR;761943.5;Haustechnik
2022;AR;35250;Neubau
2022;AR;275940;Systemsanierung
2022;AR;2632969.5;Total
2022;AR;1526750;Wärmedämmung
2022;AR;0;Zentrale Wärmeversorgung
2022;BE;25802670;Haustechnik
2022;BE;5063820;Neubau
2022;BE;25945260;Systemsanierung
2022;BE;64168765;Total
2022;BE;0;Wärmedämmung
2022;BE;5184220;Zentrale Wärmeversorgung
2022;BL;9543085;Haustechnik
2022;BL;1060350;Neubau
2022;BL;585820;Systemsanierung
2022;BL;20295833.89;Total
2022;BL;7964715;Wärmedämmung
2022;BL;0;Zentrale Wärmeversorgung
2022;BS;4020599;Haustechnik
2022;BS;300450;Neubau
2022;BS;967750;Systemsanierung
2022;BS;9578532;Total
2022;BS;4020920;Wärmedämmung
2022;BS;0;Zentrale Wärmeversorgung
2022;CH;139123043.9;Haustechnik
2022;CH;17618390.93;Indirekte Massnahmen
2022;CH;24724058.5;Neubau
2022;CH;89232477.6;Systemsanierung
2022;CH;424837639.1;Total
2022;CH;128194353;Wärmedämmung
2022;CH;25945315.2;Zentrale Wärmeversorgung
2022;FR;11557663;Haustechnik
2022;FR;3489827.5;Neubau
2022;FR;4727720;Systemsanierung
2022;FR;32611028.3;Total
2022;FR;9075881;Wärmedämmung
2022;FR;3432850;Zentrale Wärmeversorgung
2022;GE;2033372;Haustechnik
2022;GE;1426935;Neubau
2022;GE;12159157;Systemsanierung
2022;GE;20702720.34;Total
2022;GE;2704415;Wärmedämmung
2022;GE;1310560;Zentrale Wärmeversorgung
2022;GL;779941;Haustechnik
2022;GL;0;Neubau
2022;GL;382480;Systemsanierung
2022;GL;2918715.85;Total
2022;GL;1602375;Wärmedämmung
2022;GL;0;Zentrale Wärmeversorgung
2022;GR;5790782;Haustechnik
2022;GR;206555;Neubau
2022;GR;2083110;Systemsanierung
2022;GR;16234648;Total
2022;GR;7029776;Wärmedämmung
2022;GR;1087740;Zentrale Wärmeversorgung
2022;JU;1032130;Haustechnik
2022;JU;474975;Neubau
2022;JU;814005;Systemsanierung
2022;JU;4239554.45;Total
2022;JU;1347201;Wärmedämmung
2022;JU;568450;Zentrale Wärmeversorgung
2022;LU;5484364.6;Haustechnik
2022;LU;0;Neubau
2022;LU;0;Systemsanierung
2022;LU;10000670.25;Total
2022;LU;4099700;Wärmedämmung
2022;LU;0;Zentrale Wärmeversorgung
2022;NE;1674567;Haustechnik
2022;NE;46685;Neubau
2022;NE;559485;Systemsanierung
2022;NE;7908446;Total
2022;NE;5550453;Wärmedämmung
2022;NE;0;Zentrale Wärmeversorgung
2022;NW;261388;Haustechnik
2022;NW;34860;Neubau
2022;NW;0;Systemsanierung
2022;NW;926262.5;Total
2022;NW;532224;Wärmedämmung
2022;NW;0;Zentrale Wärmeversorgung
2022;OW;264520;Haustechnik
2022;OW;17850;Neubau
2022;OW;148910;Systemsanierung
2022;OW;945680;Total
2022;OW;486700;Wärmedämmung
2022;OW;0;Zentrale Wärmeversorgung
2022;SG;4701630.8;Haustechnik
2022;SG;288650;Neubau
2022;SG;8053730.6;Systemsanierung
2022;SG;26928255.75;Total
2022;SG;4709640;Wärmedämmung
2022;SG;5137161.2;Zentrale Wärmeversorgung
2022;SH;2360360;Haustechnik
2022;SH;106500;Neubau
2022;SH;696660;Systemsanierung
2022;SH;6157282;Total
2022;SH;2238183;Wärmedämmung
2022;SH;275750;Zentrale Wärmeversorgung
2022;SO;5132385;Haustechnik
2022;SO;434055;Neubau
2022;SO;0;Systemsanierung
2022;SO;8785495.95;Total
2022;SO;2784262;Wärmedämmung
2022;SO;19280;Zentrale Wärmeversorgung
2022;SZ;2210276;Haustechnik
2022;SZ;0;Neubau
2022;SZ;15190;Systemsanierung
2022;SZ;4737677.8;Total
2022;SZ;2303041;Wärmedämmung
2022;SZ;0;Zentrale Wärmeversorgung
2022;TG;6869219;Haustechnik
2022;TG;1202020;Neubau
2022;TG;2785807;Systemsanierung
2022;TG;22468734;Total
2022;TG;7429470;Wärmedämmung
2022;TG;2864620;Zentrale Wärmeversorgung
2022;TI;6317916;Haustechnik
2022;TI;1079740;Neubau
2022;TI;11951976;Systemsanierung
2022;TI;27348104;Total
2022;TI;7456180;Wärmedämmung
2022;TI;51464;Zentrale Wärmeversorgung
2022;UR;506253;Haustechnik
2022;UR;251040;Neubau
2022;UR;152900;Systemsanierung
2022;UR;2540268;Total
2022;UR;1564685;Wärmedämmung
2022;UR;0;Zentrale Wärmeversorgung
2022;VD;9005794;Haustechnik
2022;VD;5130306;Neubau
2022;VD;6247150;Systemsanierung
2022;VD;42040038.3;Total
2022;VD;20040411;Wärmedämmung
2022;VD;0;Zentrale Wärmeversorgung
2022;VS;7536240;Haustechnik
2022;VS;1084975;Neubau
2022;VS;8449151;Systemsanierung
2022;VS;29692668.95;Total
2022;VS;6635165;Wärmedämmung
2022;VS;5960000;Zentrale Wärmeversorgung
2022;ZG;403690;Haustechnik
2022;ZG;0;Neubau
2022;ZG;0;Systemsanierung
2022;ZG;1629923.85;Total
2022;ZG;1122540;Wärmedämmung
2022;ZG;0;Zentrale Wärmeversorgung
2022;ZH;18032073;Haustechnik
2022;ZH;2354600;Neubau
2022;ZH;1222600;Systemsanierung
2022;ZH;41767307.45;Total
2022;ZH;18596781;Wärmedämmung
2022;ZH;0;Zentrale Wärmeversorgung
2017;AG;0;Indirekte Massnahmen
2017;AI;0;Indirekte Massnahmen
2017;AR;0;Indirekte Massnahmen
2017;BE;0;Indirekte Massnahmen
2017;BL;0;Indirekte Massnahmen
2017;BS;0;Indirekte Massnahmen
2017;FR;0;Indirekte Massnahmen
2017;GE;0;Indirekte Massnahmen
2017;GL;0;Indirekte Massnahmen
2017;GR;0;Indirekte Massnahmen
2017;JU;0;Indirekte Massnahmen
2017;LU;0;Indirekte Massnahmen
2017;NE;0;Indirekte Massnahmen
2017;NW;0;Indirekte Massnahmen
2017;OW;0;Indirekte Massnahmen
2017;SG;0;Indirekte Massnahmen
2017;SH;0;Indirekte Massnahmen
2017;SO;0;Indirekte Massnahmen
2017;SZ;0;Indirekte Massnahmen
2017;TG;0;Indirekte Massnahmen
2017;TI;0;Indirekte Massnahmen
2017;UR;0;Indirekte Massnahmen
2017;VD;0;Indirekte Massnahmen
2017;VS;0;Indirekte Massnahmen
2017;ZG;0;Indirekte Massnahmen
2017;ZH;0;Indirekte Massnahmen
2018;AG;732019;Indirekte Massnahmen
2018;AI;0;Indirekte Massnahmen
2018;AR;14832;Indirekte Massnahmen
2018;BE;1334138;Indirekte Massnahmen
2018;BL;508519;Indirekte Massnahmen
2018;BS;445133.42;Indirekte Massnahmen
2018;FR;197918;Indirekte Massnahmen
2018;GE;348641.5;Indirekte Massnahmen
2018;GL;26750;Indirekte Massnahmen
2018;GR;58692;Indirekte Massnahmen
2018;JU;15062;Indirekte Massnahmen
2018;LU;287800;Indirekte Massnahmen
2018;NE;94740;Indirekte Massnahmen
2018;NW;63600;Indirekte Massnahmen
2018;OW;18000;Indirekte Massnahmen
2018;SG;1233043.4;Indirekte Massnahmen
2018;SH;30625;Indirekte Massnahmen
2018;SO;44497.65;Indirekte Massnahmen
2018;SZ;22100;Indirekte Massnahmen
2018;TG;265131;Indirekte Massnahmen
2018;TI;228622.45;Indirekte Massnahmen
2018;UR;59650;Indirekte Massnahmen
2018;VD;452162;Indirekte Massnahmen
2018;VS;298184;Indirekte Massnahmen
2018;ZG;62500;Indirekte Massnahmen
2018;ZH;74700;Indirekte Massnahmen
2019;AG;896896;Indirekte Massnahmen
2019;AI;0;Indirekte Massnahmen
2019;AR;3124;Indirekte Massnahmen
2019;BE;1953687;Indirekte Massnahmen
2019;BL;408622;Indirekte Massnahmen
2019;BS;111113;Indirekte Massnahmen
2019;FR;331274;Indirekte Massnahmen
2019;GE;336318.4;Indirekte Massnahmen
2019;GL;55768.5;Indirekte Massnahmen
2019;GR;12692;Indirekte Massnahmen
2019;JU;3043;Indirekte Massnahmen
2019;LU;225700;Indirekte Massnahmen
2019;NE;109789;Indirekte Massnahmen
2019;NW;58624;Indirekte Massnahmen
2019;OW;10000;Indirekte Massnahmen
2019;SG;2544502.3;Indirekte Massnahmen
2019;SH;102076;Indirekte Massnahmen
2019;SO;227817;Indirekte Massnahmen
2019;SZ;79736;Indirekte Massnahmen
2019;TG;707451;Indirekte Massnahmen
2019;TI;352521;Indirekte Massnahmen
2019;UR;52850;Indirekte Massnahmen
2019;VD;926821;Indirekte Massnahmen
2019;VS;167759;Indirekte Massnahmen
2019;ZG;103000;Indirekte Massnahmen
2019;ZH;130635;Indirekte Massnahmen
2020;AG;755912;Indirekte Massnahmen
2020;AI;1200;Indirekte Massnahmen
2020;AR;30917;Indirekte Massnahmen
2020;BE;2403234;Indirekte Massnahmen
2020;BL;557766;Indirekte Massnahmen
2020;BS;139238;Indirekte Massnahmen
2020;FR;190089;Indirekte Massnahmen
2020;GE;849999.27;Indirekte Massnahmen
2020;GL;141291.45;Indirekte Massnahmen
2020;GR;57425;Indirekte Massnahmen
2020;JU;7405;Indirekte Massnahmen
2020;LU;355436;Indirekte Massnahmen
2020;NE;104060;Indirekte Massnahmen
2020;NW;31166;Indirekte Massnahmen
2020;OW;19900;Indirekte Massnahmen
2020;SG;3574165.8;Indirekte Massnahmen
2020;SH;211264;Indirekte Massnahmen
2020;SO;237965;Indirekte Massnahmen
2020;SZ;98137.7;Indirekte Massnahmen
2020;TG;782477;Indirekte Massnahmen
2020;TI;186109;Indirekte Massnahmen
2020;UR;98138.8;Indirekte Massnahmen
2020;VD;943245;Indirekte Massnahmen
2020;VS;57996;Indirekte Massnahmen
2020;ZG;69328;Indirekte Massnahmen
2020;ZH;578876;Indirekte Massnahmen
2021;AG;1007927;Indirekte Massnahmen
2021;AI;3600;Indirekte Massnahmen
2021;AR;64347;Indirekte Massnahmen
2021;BE;3456815;Indirekte Massnahmen
2021;BL;750759.83;Indirekte Massnahmen
2021;BS;187025;Indirekte Massnahmen
2021;FR;154809.3;Indirekte Massnahmen
2021;GE;615794;Indirekte Massnahmen
2021;GL;112297.7;Indirekte Massnahmen
2021;GR;40940;Indirekte Massnahmen
2021;JU;6436;Indirekte Massnahmen
2021;LU;446395;Indirekte Massnahmen
2021;NE;180894;Indirekte Massnahmen
2021;NW;54054.1;Indirekte Massnahmen
2021;OW;38800;Indirekte Massnahmen
2021;SG;3880013.1;Indirekte Massnahmen
2021;SH;210381;Indirekte Massnahmen
2021;SO;624669.6;Indirekte Massnahmen
2021;SZ;188827.65;Indirekte Massnahmen
2021;TG;1083091;Indirekte Massnahmen
2021;TI;223180;Indirekte Massnahmen
2021;UR;40869.35;Indirekte Massnahmen
2021;VD;1359081;Indirekte Massnahmen
2021;VS;79538;Indirekte Massnahmen
2021;ZG;137025;Indirekte Massnahmen
2021;ZH;974833;Indirekte Massnahmen
2022;AG;1468879;Indirekte Massnahmen
2022;AI;600;Indirekte Massnahmen
2022;AR;33086;Indirekte Massnahmen
2022;BE;2172795;Indirekte Massnahmen
2022;BL;1141863.89;Indirekte Massnahmen
2022;BS;268813;Indirekte Massnahmen
2022;FR;327086.8;Indirekte Massnahmen
2022;GE;1068281.34;Indirekte Massnahmen
2022;GL;153919.85;Indirekte Massnahmen
2022;GR;36685;Indirekte Massnahmen
2022;JU;2793.45;Indirekte Massnahmen
2022;LU;416605.65;Indirekte Massnahmen
2022;NE;77256;Indirekte Massnahmen
2022;NW;97790.5;Indirekte Massnahmen
2022;OW;27700;Indirekte Massnahmen
2022;SG;4037443.15;Indirekte Massnahmen
2022;SH;479829;Indirekte Massnahmen
2022;SO;415513.95;Indirekte Massnahmen
2022;SZ;209170.8;Indirekte Massnahmen
2022;TG;1317598;Indirekte Massnahmen
2022;TI;490828;Indirekte Massnahmen
2022;UR;65390;Indirekte Massnahmen
2022;VD;1616377.3;Indirekte Massnahmen
2022;VS;27137.95;Indirekte Massnahmen
2022;ZG;103693.85;Indirekte Massnahmen
2022;ZH;1561253.45;Indirekte Massnahmen
